{
  "configVersion": 1,
  "timestamp": 1720433320491,
  "index": "/nget/index.html",
  "assetGroups": [
    {
      "name": "app",
      "installMode": "prefetch",
      "updateMode": "prefetch",
      "urls": [],
      "patterns": [
        "\\/nget\\/\\!\\/[^/]*\\/[^/]*corover[^/]*"
      ]
    },
    {
      "name": "assets",
      "installMode": "lazy",
      "updateMode": "prefetch",
      "urls": [
        "/nget/assets/css/checkbox.css",
        "/nget/assets/css/dropdown.css",
        "/nget/assets/css/mobile.css",
        "/nget/assets/css/payment_bootstrap.css",
        "/nget/assets/css/redio.css",
        "/nget/assets/css/style.css",
        "/nget/assets/fonts/CaviarDreams.ttf",
        "/nget/assets/images/AzamEng.png",
        "/nget/assets/images/AzamHi.png",
        "/nget/assets/images/Beti bachao beti padhao.png",
        "/nget/assets/images/Bharat_Gaurav.jpg",
        "/nget/assets/images/Buddha_Banner.jpg",
        "/nget/assets/images/Buddhist.jpg",
        "/nget/assets/images/Confirmtkt.jpg",
        "/nget/assets/images/G20_Logo.png",
        "/nget/assets/images/IndianRailGreen.jpg",
        "/nget/assets/images/Irctc Prepaid.PNG",
        "/nget/assets/images/Irctc Wallet.PNG",
        "/nget/assets/images/IrctcEWallet.png",
        "/nget/assets/images/Kashmir.jpg",
        "/nget/assets/images/Koo.png",
        "/nget/assets/images/Manali.jpg",
        "/nget/assets/images/Netbanking.png",
        "/nget/assets/images/Netbankingicon.png",
        "/nget/assets/images/Razorpay.png",
        "/nget/assets/images/Thailand.jpg",
        "/nget/assets/images/ajax-loader.gif",
        "/nget/assets/images/arrow.jpg",
        "/nget/assets/images/arrow_en.jpg",
        "/nget/assets/images/arrow_hi.jpg",
        "/nget/assets/images/banners/dmrc_page_banner.png",
        "/nget/assets/images/banners/home_page_banner1.jpg",
        "/nget/assets/images/banners/home_page_banner1_old.jpg",
        "/nget/assets/images/banners/home_page_banner2.jpg",
        "/nget/assets/images/banners/home_page_banner2_old.jpg",
        "/nget/assets/images/banners/home_page_banner3.jpg",
        "/nget/assets/images/banners/home_page_banner3_old.jpg",
        "/nget/assets/images/banners/mahakal_en.jpg",
        "/nget/assets/images/banners/mahakal_hi.jpg",
        "/nget/assets/images/banners/swach_banner1.jpg",
        "/nget/assets/images/banners/swach_banner2.jpg",
        "/nget/assets/images/banners/swach_banner3.jpg",
        "/nget/assets/images/cancelled.png",
        "/nget/assets/images/checkBox.jpg",
        "/nget/assets/images/creditcardicon.png",
        "/nget/assets/images/cvv-caption.png",
        "/nget/assets/images/cybercrimeHelpline.png",
        "/nget/assets/images/dmrc.png",
        "/nget/assets/images/easeMyTrip.png",
        "/nget/assets/images/eciInformationBanner.png",
        "/nget/assets/images/emi.png",
        "/nget/assets/images/error.png",
        "/nget/assets/images/ers.png",
        "/nget/assets/images/ers3.JPEG",
        "/nget/assets/images/exterior.jpg",
        "/nget/assets/images/goibibo.png",
        "/nget/assets/images/ic_launcher_h.png",
        "/nget/assets/images/ic_launcher_m.png",
        "/nget/assets/images/ic_launcher_x.png",
        "/nget/assets/images/ic_launcher_xx.png",
        "/nget/assets/images/ic_launcher_xxx.png",
        "/nget/assets/images/ic_launcher_xxxxx.png",
        "/nget/assets/images/icons/1.png",
        "/nget/assets/images/icons/10.png",
        "/nget/assets/images/icons/8.png",
        "/nget/assets/images/icons/9.png",
        "/nget/assets/images/icons/IRCTC-Mudra-1.png",
        "/nget/assets/images/icons/IRCTC-Mudra.png",
        "/nget/assets/images/icons/IRCTC-exclusive-btn-en.png",
        "/nget/assets/images/icons/IRCTC-exclusive-btn-hi.png",
        "/nget/assets/images/icons/MagzterLogo.png",
        "/nget/assets/images/icons/Map-icon.png",
        "/nget/assets/images/icons/User1.png",
        "/nget/assets/images/icons/card.png",
        "/nget/assets/images/icons/cardG.png",
        "/nget/assets/images/icons/chart.png",
        "/nget/assets/images/icons/circle.png",
        "/nget/assets/images/icons/css-sprite-combined1.png",
        "/nget/assets/images/icons/fav.png",
        "/nget/assets/images/icons/gyfty.png",
        "/nget/assets/images/icons/icon_white/icon_b.png",
        "/nget/assets/images/icons/icon_white/icon_w.png",
        "/nget/assets/images/icons/india-map.png",
        "/nget/assets/images/icons/new.gif",
        "/nget/assets/images/icons/nonVegIcon.png",
        "/nget/assets/images/icons/olaIcon.png",
        "/nget/assets/images/icons/ott.png",
        "/nget/assets/images/icons/passanger.png",
        "/nget/assets/images/icons/passangerW.png",
        "/nget/assets/images/icons/pnr.png",
        "/nget/assets/images/icons/refund.png",
        "/nget/assets/images/icons/review.png",
        "/nget/assets/images/icons/reviewG.png",
        "/nget/assets/images/icons/reviewW.png",
        "/nget/assets/images/icons/uberIcon-1.png",
        "/nget/assets/images/icons/uberIcon.png",
        "/nget/assets/images/icons/vegIcon.png",
        "/nget/assets/images/icons/weather.png",
        "/nget/assets/images/icons/zee5Icon.png",
        "/nget/assets/images/indianRail.jpg",
        "/nget/assets/images/indianrailways-logo.jpg",
        "/nget/assets/images/info.jpg",
        "/nget/assets/images/irctc-whatsapp.png",
        "/nget/assets/images/irctc.png",
        "/nget/assets/images/irctcERSLogo.jpg",
        "/nget/assets/images/irctc_logo.png",
        "/nget/assets/images/irctclogo.jpg",
        "/nget/assets/images/irctcprepaidicon.png",
        "/nget/assets/images/ixigo.png",
        "/nget/assets/images/loading-min.gif",
        "/nget/assets/images/loder.gif",
        "/nget/assets/images/login.png",
        "/nget/assets/images/logo.png",
        "/nget/assets/images/logo_en.PNG",
        "/nget/assets/images/logo_hi.PNG",
        "/nget/assets/images/logo_top_eng.jpg",
        "/nget/assets/images/logo_top_hindi.jpg",
        "/nget/assets/images/loyaltyImages/101.png",
        "/nget/assets/images/loyaltyImages/102.png",
        "/nget/assets/images/loyaltyImages/103.png",
        "/nget/assets/images/loyaltyImages/105.png",
        "/nget/assets/images/makeMyTrip.png",
        "/nget/assets/images/millets.png",
        "/nget/assets/images/multiplepaymenticon.png",
        "/nget/assets/images/ola.jpg",
        "/nget/assets/images/p_detail.jpg",
        "/nget/assets/images/partner/partner.png",
        "/nget/assets/images/paylatericon.png",
        "/nget/assets/images/payment/1.png",
        "/nget/assets/images/payment/10.png",
        "/nget/assets/images/payment/100.png",
        "/nget/assets/images/payment/102.png",
        "/nget/assets/images/payment/103.png",
        "/nget/assets/images/payment/105.png",
        "/nget/assets/images/payment/113.png",
        "/nget/assets/images/payment/114.png",
        "/nget/assets/images/payment/115.png",
        "/nget/assets/images/payment/116.png",
        "/nget/assets/images/payment/117.png",
        "/nget/assets/images/payment/123.png",
        "/nget/assets/images/payment/126-1.png",
        "/nget/assets/images/payment/126.png",
        "/nget/assets/images/payment/129.png",
        "/nget/assets/images/payment/132.png",
        "/nget/assets/images/payment/134.png",
        "/nget/assets/images/payment/137.png",
        "/nget/assets/images/payment/143.png",
        "/nget/assets/images/payment/145.png",
        "/nget/assets/images/payment/150.png",
        "/nget/assets/images/payment/151.png",
        "/nget/assets/images/payment/153.png",
        "/nget/assets/images/payment/16.png",
        "/nget/assets/images/payment/17.png",
        "/nget/assets/images/payment/19.png",
        "/nget/assets/images/payment/21.png",
        "/nget/assets/images/payment/22.png",
        "/nget/assets/images/payment/23.png",
        "/nget/assets/images/payment/25.png",
        "/nget/assets/images/payment/26.png",
        "/nget/assets/images/payment/27.png",
        "/nget/assets/images/payment/28.png",
        "/nget/assets/images/payment/29.png",
        "/nget/assets/images/payment/3.png",
        "/nget/assets/images/payment/30.png",
        "/nget/assets/images/payment/31.png",
        "/nget/assets/images/payment/32.png",
        "/nget/assets/images/payment/34.png",
        "/nget/assets/images/payment/35.png",
        "/nget/assets/images/payment/36.png",
        "/nget/assets/images/payment/37.png",
        "/nget/assets/images/payment/38.png",
        "/nget/assets/images/payment/39.png",
        "/nget/assets/images/payment/40.png",
        "/nget/assets/images/payment/41.png",
        "/nget/assets/images/payment/42.png",
        "/nget/assets/images/payment/43.png",
        "/nget/assets/images/payment/44.png",
        "/nget/assets/images/payment/45.png",
        "/nget/assets/images/payment/46.png",
        "/nget/assets/images/payment/48.png",
        "/nget/assets/images/payment/5.png",
        "/nget/assets/images/payment/50.png",
        "/nget/assets/images/payment/52.png",
        "/nget/assets/images/payment/53.png",
        "/nget/assets/images/payment/54.png",
        "/nget/assets/images/payment/56.png",
        "/nget/assets/images/payment/57.png",
        "/nget/assets/images/payment/60.png",
        "/nget/assets/images/payment/64.png",
        "/nget/assets/images/payment/66.png",
        "/nget/assets/images/payment/67.png",
        "/nget/assets/images/payment/68.png",
        "/nget/assets/images/payment/69.png",
        "/nget/assets/images/payment/71.png",
        "/nget/assets/images/payment/72.png",
        "/nget/assets/images/payment/78.png",
        "/nget/assets/images/payment/79.jpg",
        "/nget/assets/images/payment/79.png",
        "/nget/assets/images/payment/80.png",
        "/nget/assets/images/payment/81.png",
        "/nget/assets/images/payment/85.png",
        "/nget/assets/images/payment/86.png",
        "/nget/assets/images/payment/89.png",
        "/nget/assets/images/payment/9.png",
        "/nget/assets/images/payment/93.png",
        "/nget/assets/images/payment/94.png",
        "/nget/assets/images/payment/96.png",
        "/nget/assets/images/payment/97.png",
        "/nget/assets/images/payment/98.png",
        "/nget/assets/images/pdf-icon.png",
        "/nget/assets/images/qrcodeicon.png",
        "/nget/assets/images/radio.jpg",
        "/nget/assets/images/rail.jpg",
        "/nget/assets/images/rail_icon.png",
        "/nget/assets/images/safe.png",
        "/nget/assets/images/sbi.png",
        "/nget/assets/images/secondry-logo.png",
        "/nget/assets/images/security.png",
        "/nget/assets/images/success.png",
        "/nget/assets/images/train.png",
        "/nget/assets/images/uber.jpg",
        "/nget/assets/images/view_detail.jpg",
        "/nget/assets/images/wallaeticon.png",
        "/nget/assets/json/errorMessage_en.json",
        "/nget/assets/json/errorMessage_hi.json",
        "/nget/assets/json/labels_en.json",
        "/nget/assets/json/labels_hi.json"
      ],
      "patterns": []
    }
  ],
  "dataGroups": [
    {
      "name": "api-freshness",
      "patterns": [
        "\\/eticketing\\/protected\\/mapps1\\/country"
      ],
      "strategy": "freshness",
      "maxSize": 150,
      "maxAge": 86400000,
      "timeoutMs": 10000,
      "version": 1
    },
    {
      "name": "api-performance",
      "patterns": [
        "\\/eticketing\\/protected\\/mapps1\\/country"
      ],
      "strategy": "performance",
      "maxSize": 150,
      "maxAge": 86400000,
      "version": 1
    }
  ],
  "hashTable": {
    "/nget/assets/css/checkbox.css": "e7f382cb0e2de8ae65bfdb5794de75e0d5e68ee7",
    "/nget/assets/css/dropdown.css": "f71517776101c0767bebbbbddb94740e5f1c456a",
    "/nget/assets/css/mobile.css": "1351145ded12d9d7a298c7f76eca8f4b36cb748c",
    "/nget/assets/css/payment_bootstrap.css": "da39a3ee5e6b4b0d3255bfef95601890afd80709",
    "/nget/assets/css/redio.css": "1e548cc6158173fadbcfd92de6658c74fb7c3721",
    "/nget/assets/css/style.css": "61821e6be0e7c40cb6325dd7b691bf5d31c434c6",
    "/nget/assets/fonts/CaviarDreams.ttf": "cd2f14c162cf2a3f4393d8af628074bf90654d15",
    "/nget/assets/images/AzamEng.png": "700777a68b9dd20955a62686a749b1ce96d1edab",
    "/nget/assets/images/AzamHi.png": "bee66a34d1ee54438cab1b941265019b44f01eb1",
    "/nget/assets/images/Beti bachao beti padhao.png": "a87577e83ac449c92baab7d088574944e956e15e",
    "/nget/assets/images/Bharat_Gaurav.jpg": "4e01d3583659a93c57790b539dc763d702b924ee",
    "/nget/assets/images/Buddha_Banner.jpg": "3a76266c3c5b63a6bfd837e96445f7c6a6430d9e",
    "/nget/assets/images/Buddhist.jpg": "5ff3b85e859128fa563ee50dad9ef054b727da68",
    "/nget/assets/images/Confirmtkt.jpg": "9a2221c52981ef3e7286e0428d3726ce158bc846",
    "/nget/assets/images/G20_Logo.png": "6caaaf577c6b291f1f1e6a1a7020d6368dad30ce",
    "/nget/assets/images/IndianRailGreen.jpg": "e9a219ecd014710457922d4d48dd7d1a5ec09ee4",
    "/nget/assets/images/Irctc Prepaid.PNG": "39e2eb2ddb0fbf5f937e280ea98cd9184a9f2dcd",
    "/nget/assets/images/Irctc Wallet.PNG": "39e2eb2ddb0fbf5f937e280ea98cd9184a9f2dcd",
    "/nget/assets/images/IrctcEWallet.png": "9f92a3b11b3b37b4585ff1f0a03a5c70b5182efc",
    "/nget/assets/images/Kashmir.jpg": "f0879187c2ea2ddb4f27e990eae4ceda621f32f2",
    "/nget/assets/images/Koo.png": "cc17372868567e5ccce67eab5b5baaf3bfbc2e8b",
    "/nget/assets/images/Manali.jpg": "71c16833a2397dba88c379b04f492c7e93b8749f",
    "/nget/assets/images/Netbanking.png": "89cfc441f88adfb4d5548ab58019889ad1208b55",
    "/nget/assets/images/Netbankingicon.png": "6cb18b39075c08b4883249e803f4fe9caf6f804d",
    "/nget/assets/images/Razorpay.png": "52fa2fddcf1916d0537f7c6e72bcb84ad7e5ed3a",
    "/nget/assets/images/Thailand.jpg": "422101ee54b259b8c50ea98a7c7da02ab823d997",
    "/nget/assets/images/ajax-loader.gif": "8c9f2a190fcb12d75fb7773b90631297d5817cf5",
    "/nget/assets/images/arrow.jpg": "5a17712d5ad85ae0a7b0ee4939c3ccd19effc1fc",
    "/nget/assets/images/arrow_en.jpg": "d534d102a7c3dcca0720d49ede2dc80df11c1255",
    "/nget/assets/images/arrow_hi.jpg": "76f55843ca4bb1a6db495e48447446a25868d824",
    "/nget/assets/images/banners/dmrc_page_banner.png": "b54795097f74e81061f593731a5f77a9f45d53c1",
    "/nget/assets/images/banners/home_page_banner1.jpg": "bba1073a83ecb8420fed6b8e29bf6c41f3a7b6ed",
    "/nget/assets/images/banners/home_page_banner1_old.jpg": "517608f4aeefb7966b45681348f29171fa3be88d",
    "/nget/assets/images/banners/home_page_banner2.jpg": "bba1073a83ecb8420fed6b8e29bf6c41f3a7b6ed",
    "/nget/assets/images/banners/home_page_banner2_old.jpg": "517608f4aeefb7966b45681348f29171fa3be88d",
    "/nget/assets/images/banners/home_page_banner3.jpg": "bba1073a83ecb8420fed6b8e29bf6c41f3a7b6ed",
    "/nget/assets/images/banners/home_page_banner3_old.jpg": "517608f4aeefb7966b45681348f29171fa3be88d",
    "/nget/assets/images/banners/mahakal_en.jpg": "51ec82a070d8d618bbbbb84dcbcd301e7d697ed1",
    "/nget/assets/images/banners/mahakal_hi.jpg": "ef292c720e5357c273f57f10487d6905ae12d722",
    "/nget/assets/images/banners/swach_banner1.jpg": "9887a93b03a326a46fd3a69948af6be4d0216d2e",
    "/nget/assets/images/banners/swach_banner2.jpg": "7a78182b5d9c9fc360f5e831e853301c98a60476",
    "/nget/assets/images/banners/swach_banner3.jpg": "02bdf195b9f76f3ba4c1afc92f7b61e549349124",
    "/nget/assets/images/cancelled.png": "b4040f2907d66486b943ea2520b92c3608155da1",
    "/nget/assets/images/checkBox.jpg": "d8cfb794333090c63f5410d2d1305a270f5acca2",
    "/nget/assets/images/creditcardicon.png": "d0a1d8b438e954fbfbd4804f6f53693bd55422e2",
    "/nget/assets/images/cvv-caption.png": "983d06eb9995c89e687964f6f125898ebdc83192",
    "/nget/assets/images/cybercrimeHelpline.png": "caf4287e9dd79ff55ea24862b9235263d1609374",
    "/nget/assets/images/dmrc.png": "7f4e2a778c868d391a32874a428c787426bbb090",
    "/nget/assets/images/easeMyTrip.png": "1c4fa5522a5d0cb0e27911037906d1c02e138a21",
    "/nget/assets/images/eciInformationBanner.png": "61dee389ed5dd5d71938959cb67239b1b29cc599",
    "/nget/assets/images/emi.png": "ae90440176ce614ab00455bbed1f63a96599d0c7",
    "/nget/assets/images/error.png": "abea6df08d44ab09d0223d9ea517231dc44427c7",
    "/nget/assets/images/ers.png": "d208471490197903197550a3181939972b3c4256",
    "/nget/assets/images/ers3.JPEG": "c79cc227038b0a3182b5717f5749f0afd02eab5f",
    "/nget/assets/images/exterior.jpg": "7565538cfb555a62e72b1f74cdf0841887d91462",
    "/nget/assets/images/goibibo.png": "a621cd6749749ed5feac37d7c4442ff61ab20810",
    "/nget/assets/images/ic_launcher_h.png": "e50948c76632c23e6a83fe662bac07d8a92064cc",
    "/nget/assets/images/ic_launcher_m.png": "1e1e493f40cb1a9715ee4a6f47a814dffc1dac29",
    "/nget/assets/images/ic_launcher_x.png": "dd99bd6e6ad4d79a6597e345bd80ef4d468cc969",
    "/nget/assets/images/ic_launcher_xx.png": "79e7a13b8d123367b3773bc74a9c8eb0e6c02c83",
    "/nget/assets/images/ic_launcher_xxx.png": "1e20980454cc37c18cc6eb3370d3f0a230d54a96",
    "/nget/assets/images/ic_launcher_xxxxx.png": "dbffd663c9dd181ce631cb48b2d2aa816c435f07",
    "/nget/assets/images/icons/1.png": "be0ac61a14af59f24c7980295a2bd0e631630d67",
    "/nget/assets/images/icons/10.png": "5fa9081e1f7e2b0b0436b260ad7c87a9c2a9a85c",
    "/nget/assets/images/icons/8.png": "24d60792a27eb1708e9390d39cfa47fa010b8dca",
    "/nget/assets/images/icons/9.png": "3afc2aed975e9dfeba2eb70787816256587817d3",
    "/nget/assets/images/icons/IRCTC-Mudra-1.png": "d8b65e70f154c0bc6cca3e8435e97f19eaf82ee7",
    "/nget/assets/images/icons/IRCTC-Mudra.png": "7ee9c875f5003ed4500283fba09a0acf34727f17",
    "/nget/assets/images/icons/IRCTC-exclusive-btn-en.png": "82ba09bbab60414b147b9cf7642fbf4a836b2537",
    "/nget/assets/images/icons/IRCTC-exclusive-btn-hi.png": "c13fc61c02f323beb81c8fda1713e5c384f6806f",
    "/nget/assets/images/icons/MagzterLogo.png": "380d3ff6b8ee903a727034476c04b8dec80cdfb8",
    "/nget/assets/images/icons/Map-icon.png": "97dfe1b3c438bf81435358e3f75a4b377611ed65",
    "/nget/assets/images/icons/User1.png": "48e6d1e839b00e95dd90e71621fdd2e894e9232c",
    "/nget/assets/images/icons/card.png": "21c9c89a1e11ab17f0c6b730a8ebc53125518e7e",
    "/nget/assets/images/icons/cardG.png": "83fa9c228bd18a402cc2a35a148e93e8ee530c12",
    "/nget/assets/images/icons/chart.png": "723a8ef950a05e8834c845773a94ea766db87829",
    "/nget/assets/images/icons/circle.png": "fd0406c91b440263e3f5b37198c7e9a2e44e14d3",
    "/nget/assets/images/icons/css-sprite-combined1.png": "8268a8b3171175191fe801debff7f305d5d42fb5",
    "/nget/assets/images/icons/fav.png": "d8ae3b194b1732c9045dc05fab01561fd91bc5b3",
    "/nget/assets/images/icons/gyfty.png": "58fe317c2a5c4d5b44d8bd545de3cd782317caf6",
    "/nget/assets/images/icons/icon_white/icon_b.png": "23d938a7368496f50ed844076117170986bd6d9e",
    "/nget/assets/images/icons/icon_white/icon_w.png": "fa238c71813a21904fcb693cdc76e3b1892004aa",
    "/nget/assets/images/icons/india-map.png": "e7a5b09822cea7de1c0f6304765dfd7fa7fcad52",
    "/nget/assets/images/icons/new.gif": "fdae564c7ce097f7687c3572cb50476c20452de3",
    "/nget/assets/images/icons/nonVegIcon.png": "8e21e3a0a4c03d44e128a0e97921011f9efd06fe",
    "/nget/assets/images/icons/olaIcon.png": "f1a6bcf06a2c6d2068d7e3f32c0d031a1e876803",
    "/nget/assets/images/icons/ott.png": "f5046252535cde9d47e1c2ae5e310ccbd0480b8d",
    "/nget/assets/images/icons/passanger.png": "19cb74662b6a457f96b37416a984268a0dd6a0d1",
    "/nget/assets/images/icons/passangerW.png": "9708a53a1ffb711dc887db8ca2438198e1049369",
    "/nget/assets/images/icons/pnr.png": "1191353f6ae88a960d0244c10e54ae396e92caaf",
    "/nget/assets/images/icons/refund.png": "480ff6cf4732318140c5a591f3f45c343936da6a",
    "/nget/assets/images/icons/review.png": "ae799978995c3ece55d44bf1775b2fa9d41d4268",
    "/nget/assets/images/icons/reviewG.png": "2e12d25f0ead580a59181260e3ab884b2c8b87cc",
    "/nget/assets/images/icons/reviewW.png": "f4148ec1b04a1464b9ec5b9e23211d3f868ccd73",
    "/nget/assets/images/icons/uberIcon-1.png": "b2d3872966f3b1823d66f14216f0368a8d8827f9",
    "/nget/assets/images/icons/uberIcon.png": "63c87dea15a59b29de16345dd11c4f6295b98caf",
    "/nget/assets/images/icons/vegIcon.png": "aed4a167ad12651a21ff94fa2970dc86f57ed11f",
    "/nget/assets/images/icons/weather.png": "4a40dda3e72c7a0318c5327202c8839c157fdf9c",
    "/nget/assets/images/icons/zee5Icon.png": "67eca429ae4d62041a516c7ce51e47bdac7d3a3d",
    "/nget/assets/images/indianRail.jpg": "7c7e7ed3a3e33f86c5fb121809e06a7f0e8b333a",
    "/nget/assets/images/indianrailways-logo.jpg": "62e1daf96fbcb2c73ddcb59e019a2e2bb5f020a7",
    "/nget/assets/images/info.jpg": "e582d229809e13d186b661c68fd40425790a6bf1",
    "/nget/assets/images/irctc-whatsapp.png": "8c6bfbc9342a476b00938a405106ca1f5fbc9c2a",
    "/nget/assets/images/irctc.png": "ef584bdd50c3cf4c1d70f919e3b4e2e043a8eb22",
    "/nget/assets/images/irctcERSLogo.jpg": "9526697564b3d8f282687f6219865257adadd556",
    "/nget/assets/images/irctc_logo.png": "cf466ddeeb485e3a60ef87d6a9da0fe405040530",
    "/nget/assets/images/irctclogo.jpg": "4dbd5f19dd27b07ae67a8c1e5b741e847d60a8d3",
    "/nget/assets/images/irctcprepaidicon.png": "f3c36c7fe7bebe8b97386167dc4b0c947e324e0d",
    "/nget/assets/images/ixigo.png": "e48dae4874db6d5398f03839d864d35c843af08e",
    "/nget/assets/images/loading-min.gif": "6edaa8cba9ad0db89cc9b44fdcb146dfc37b4ff9",
    "/nget/assets/images/loder.gif": "501d11bb737869dc653e099d6fc426ea6414b2f0",
    "/nget/assets/images/login.png": "391b4d6512a1354ee72a6c581d385591d8814c61",
    "/nget/assets/images/logo.png": "438d730efd8af4c45de86fbb0679358d2c6f2cbc",
    "/nget/assets/images/logo_en.PNG": "10d3ceed95f3fdc381245286be7e93c29650488c",
    "/nget/assets/images/logo_hi.PNG": "a205f5e549bc75af91b9cca6bd64cc70399a19d0",
    "/nget/assets/images/logo_top_eng.jpg": "48f63689b6d541d56d077e7c9a6ba68301ceea8f",
    "/nget/assets/images/logo_top_hindi.jpg": "4fab5d47b392ad321ff14ce2b7f3bc192b03ae08",
    "/nget/assets/images/loyaltyImages/101.png": "ec2ccf41db32c82d1998fd1dbc6ca174b47b8e8b",
    "/nget/assets/images/loyaltyImages/102.png": "884eb164fac614914ecbb07f86252c80f65d2a0f",
    "/nget/assets/images/loyaltyImages/103.png": "613305cd6733d22a4d0387b76ad19a4cabca1d93",
    "/nget/assets/images/loyaltyImages/105.png": "c1d3b6bd358a0891ccaa99a826873c958779c624",
    "/nget/assets/images/makeMyTrip.png": "b3aa4b0e0aaf150574e075f9668ad192521c35ca",
    "/nget/assets/images/millets.png": "39bd24a5ee18f32fb7621ca261facad6352e5f74",
    "/nget/assets/images/multiplepaymenticon.png": "c5aa9f750fb7015455654477853351557c03e860",
    "/nget/assets/images/ola.jpg": "7a8c05b8c3ae14b09250d44c694c237ba52b5771",
    "/nget/assets/images/p_detail.jpg": "df383f92acd248744600237d3453a75206ad5553",
    "/nget/assets/images/partner/partner.png": "3afdcd3d1582aa541472d2f767c66571468c530c",
    "/nget/assets/images/paylatericon.png": "9fb22b40827bbe42d03a1c421e39349c4367f98e",
    "/nget/assets/images/payment/1.png": "d8b106227fff84998bd639b7d3ed53716473e7db",
    "/nget/assets/images/payment/10.png": "672abba145c306a0e8bddbc755b44ed2fd32dcfe",
    "/nget/assets/images/payment/100.png": "5f239bf307496cbb61ac89288561f850b0107610",
    "/nget/assets/images/payment/102.png": "6145345b18d43427867ea0a6a4b663fa6a8c553a",
    "/nget/assets/images/payment/103.png": "2d3d87ec830eb95e7ae23628b6d75a92949b35d6",
    "/nget/assets/images/payment/105.png": "bf41c8125fcc71d8cb25286c2dd1944d0c83ce91",
    "/nget/assets/images/payment/113.png": "d5808720f6b1f2af072143ab80af34768c27f28a",
    "/nget/assets/images/payment/114.png": "a914f3f11808b816f65f1b7127ecc7b925377750",
    "/nget/assets/images/payment/115.png": "54126128b0f21b667f81a1327af74e292263f479",
    "/nget/assets/images/payment/116.png": "2d5fb75d1ef313d1505670ce5748e4f4a1f8c757",
    "/nget/assets/images/payment/117.png": "041e5cd41c8e82dd0eea1b306bc59aeb3199a561",
    "/nget/assets/images/payment/123.png": "85cb0931fef59b165c5d631e2d7e2605300e84e7",
    "/nget/assets/images/payment/126-1.png": "b58cf678ac6598c2ac4cca5159282d5663851431",
    "/nget/assets/images/payment/126.png": "fd3d5750e2a5723145358d48d889614d807f2b8a",
    "/nget/assets/images/payment/129.png": "aa74d3a47ede49dd2b48d0b7c04be4636abd0b1b",
    "/nget/assets/images/payment/132.png": "082479005feccbc6f094d8589808d8aadffb6e9e",
    "/nget/assets/images/payment/134.png": "7f4962eadb8147b56cd3f964becf5a13071edb44",
    "/nget/assets/images/payment/137.png": "fd27ac568a62b84c8c7213f2fb101f60ec733a26",
    "/nget/assets/images/payment/143.png": "02437750141261508721b58fb825b946d6c5b0ba",
    "/nget/assets/images/payment/145.png": "0978bab584fa56cdc8eb942623eb254bd3d36e9e",
    "/nget/assets/images/payment/150.png": "fd0e61cd1289bee3a757b36f09ef4429467d0dd1",
    "/nget/assets/images/payment/151.png": "85cb0931fef59b165c5d631e2d7e2605300e84e7",
    "/nget/assets/images/payment/153.png": "85cb0931fef59b165c5d631e2d7e2605300e84e7",
    "/nget/assets/images/payment/16.png": "adee908901e59aaa32a62a2e72fdfecd8718f57f",
    "/nget/assets/images/payment/17.png": "d74f5bf81a9292a5a3b53e7e995f571b2d6343d2",
    "/nget/assets/images/payment/19.png": "f0cbb7b004429c27e4b23c386eca8a9df905236d",
    "/nget/assets/images/payment/21.png": "573a02616e39321fcfaecafb10eb969e57e5388f",
    "/nget/assets/images/payment/22.png": "2c8bfc5d7d6a385d6b76748e98a7f7a45994e637",
    "/nget/assets/images/payment/23.png": "8da86639434a96a8c4488118bc52cbb5607e83b2",
    "/nget/assets/images/payment/25.png": "f12b0cf4616234b25fdeafd24b4a48df3111a13e",
    "/nget/assets/images/payment/26.png": "e743a122dc57f3b68145f9aa6b1a211debb1d3b5",
    "/nget/assets/images/payment/27.png": "ff310e6bde814a02c7e4651f7576506dc1f06f94",
    "/nget/assets/images/payment/28.png": "adee908901e59aaa32a62a2e72fdfecd8718f57f",
    "/nget/assets/images/payment/29.png": "caeab59e6a802d426683b40cd614536d5ea07c96",
    "/nget/assets/images/payment/3.png": "624726b3109660042af0de43215bb7e63b9ddc30",
    "/nget/assets/images/payment/30.png": "7926819b3df57798d653f5e4de7d9a6105b106ba",
    "/nget/assets/images/payment/31.png": "fc5a4329f1e3c12b665ed863816d6995f2e8b365",
    "/nget/assets/images/payment/32.png": "149b06d7de36ea0d0bf29d2a0bb74a5a4dfe82f3",
    "/nget/assets/images/payment/34.png": "290410afe70bcd8c5d9ccb6f502d552fb856fccb",
    "/nget/assets/images/payment/35.png": "17bcf8bc801d7bfb352dce864cac816209993b8c",
    "/nget/assets/images/payment/36.png": "3de7f5240fdf5a0324d275497e44eb48bd1eceb0",
    "/nget/assets/images/payment/37.png": "48e0e5d917181df0ed4e6059e1c249ad00f8b4aa",
    "/nget/assets/images/payment/38.png": "c8f43d8ff0451abd54c56aed490cb6f9e906d23b",
    "/nget/assets/images/payment/39.png": "7926819b3df57798d653f5e4de7d9a6105b106ba",
    "/nget/assets/images/payment/40.png": "90e1e88c57df411dcd0dec54be3d0b1841f34b62",
    "/nget/assets/images/payment/41.png": "519b9bb53a75f30526780f8513495eb15ad658c4",
    "/nget/assets/images/payment/42.png": "96486df576fce524ca7d306a0afd4d1e491d77a6",
    "/nget/assets/images/payment/43.png": "7bb0ac477ba8d360c150379572d5b16f40d2d85e",
    "/nget/assets/images/payment/44.png": "dbdbb9768b96762bc300b082b8d3a3f037198a8a",
    "/nget/assets/images/payment/45.png": "935b74d5cdd6127e7f74d9ec7c579f6be390ea97",
    "/nget/assets/images/payment/46.png": "6296d64ed8fbce4229cb5d51e052bb5d39cf8e06",
    "/nget/assets/images/payment/48.png": "3b30fa88ec50701c97eff27e466e6917bc1460ba",
    "/nget/assets/images/payment/5.png": "a39a9afaf96775f33f07a1cef92bf54eb3ee60c0",
    "/nget/assets/images/payment/50.png": "c4adef97dd816c452f9ce016246cf58010d846de",
    "/nget/assets/images/payment/52.png": "55a1cd48334167bf06beac3e57a7934069c87008",
    "/nget/assets/images/payment/53.png": "9c6622a5555fa9588e07a235bb4252c932110c83",
    "/nget/assets/images/payment/54.png": "956c2f4551d7a8a007c5e431ab45f1f0173fcae3",
    "/nget/assets/images/payment/56.png": "3da1a98a16dfa3e8e9d96f90725ffbb5f212afa5",
    "/nget/assets/images/payment/57.png": "dbbadd0f7c3594b8ce9bbff4378b5796733e7143",
    "/nget/assets/images/payment/60.png": "51625b7b3bb77d97f7a9d553a2e0f8e17426fb1f",
    "/nget/assets/images/payment/64.png": "ee73c9a880009dc53a03a2b43ced2f8ba1d0d4ae",
    "/nget/assets/images/payment/66.png": "7926819b3df57798d653f5e4de7d9a6105b106ba",
    "/nget/assets/images/payment/67.png": "1816b409bba813db10f607c4a8763a4b9da71370",
    "/nget/assets/images/payment/68.png": "ef0e66821ed76eaaef6a3354f25d964720834025",
    "/nget/assets/images/payment/69.png": "4a21bc3717574f672314591d02ef3a632110b7bb",
    "/nget/assets/images/payment/71.png": "041e5cd41c8e82dd0eea1b306bc59aeb3199a561",
    "/nget/assets/images/payment/72.png": "00c65e70b37ebf8cb08bf97b18c98bbc00cd0d96",
    "/nget/assets/images/payment/78.png": "041e5cd41c8e82dd0eea1b306bc59aeb3199a561",
    "/nget/assets/images/payment/79.jpg": "06ef78a3835d2af15ed5492cb860595ddefa966a",
    "/nget/assets/images/payment/79.png": "e4b8cfed649a818ff71f97774542dba2670e83b7",
    "/nget/assets/images/payment/80.png": "000907c7c6f484c48f9ecce3c07667008b2aac3c",
    "/nget/assets/images/payment/81.png": "2d9e6054e24247149366a74e7ec9bda0fbcd611f",
    "/nget/assets/images/payment/85.png": "fa311207aeb05eff5dd0e6df44c542280ae06d6a",
    "/nget/assets/images/payment/86.png": "1599dc55226be4b3fb0027e99bcd01c9b11b02ff",
    "/nget/assets/images/payment/89.png": "78761672ded000127177f7059373a540d5ba42c7",
    "/nget/assets/images/payment/9.png": "d091e0e45e897473014578b0d6f10653080d5771",
    "/nget/assets/images/payment/93.png": "b52531aea8b9f6b809005d78a236a93888b2be3a",
    "/nget/assets/images/payment/94.png": "58519e5fbabb2bdf714342133d5c725b819e8934",
    "/nget/assets/images/payment/96.png": "2b4398e98fe18598ce1bfc13c7c3d049916f586a",
    "/nget/assets/images/payment/97.png": "7926819b3df57798d653f5e4de7d9a6105b106ba",
    "/nget/assets/images/payment/98.png": "e3e80ae9cb6cfef997b8c5f73e33d7b0fa66052b",
    "/nget/assets/images/pdf-icon.png": "307f55e8c4ac7698da47605d55054f5730548199",
    "/nget/assets/images/qrcodeicon.png": "85e7cc4a1f57507df8a26d52acf43a46013051d1",
    "/nget/assets/images/radio.jpg": "caded3ab24c9334c08816b2ac869287d412ed25d",
    "/nget/assets/images/rail.jpg": "cd9337dd1dcd4c802edb1dfca8a3c67170866d73",
    "/nget/assets/images/rail_icon.png": "26e357590e8f139f5f6aa4e3aab705f53cdf9125",
    "/nget/assets/images/safe.png": "3358bf0cb1a259bc83baeb61201dbd19c90f6714",
    "/nget/assets/images/sbi.png": "ec2ccf41db32c82d1998fd1dbc6ca174b47b8e8b",
    "/nget/assets/images/secondry-logo.png": "db8c36d5070ac2c186104d152c49bbdf699d2b8e",
    "/nget/assets/images/security.png": "4c35e263f0cefaef49e04b9a16f82ffc51350609",
    "/nget/assets/images/success.png": "e8bed012d7cb3c8521189697e446d7362d6842db",
    "/nget/assets/images/train.png": "b003e52f731726925025a059c9744790b475081c",
    "/nget/assets/images/uber.jpg": "392cd0ebf31056845e1e853aa155c76d86d24645",
    "/nget/assets/images/view_detail.jpg": "3a71e7d7a7c6aa152623668d0c66093f37ebe56e",
    "/nget/assets/images/wallaeticon.png": "ce05e9fb6e6f0f8bb4d2ad6b4a17b88cdc719c17",
    "/nget/assets/json/errorMessage_en.json": "eb8d730b6ff1dd91914e597ca1ddf3a74ebd5bef",
    "/nget/assets/json/errorMessage_hi.json": "dd49e6439381869cd435537d274831b22caf0232",
    "/nget/assets/json/labels_en.json": "78efab8d5cd75aa1081bbaa22d7f6f9ef3cc48a0",
    "/nget/assets/json/labels_hi.json": "863292ab2e52a27168b50f58f47af3107f736b32"
  },
  "navigationUrls": [
    {
      "positive": true,
      "regex": "^\\/.*$"
    },
    {
      "positive": false,
      "regex": "^\\/(?:.+\\/)?[^/]*\\.[^/]*$"
    },
    {
      "positive": false,
      "regex": "^\\/(?:.+\\/)?[^/]*__[^/]*$"
    },
    {
      "positive": false,
      "regex": "^\\/(?:.+\\/)?[^/]*__[^/]*\\/.*$"
    }
  ]
}